{
  "intents": [
    {
      "tag": "greeting",
      "patterns": [
        "Hi",
        "Hey",
        "How are you",
        "Is anyone there?",
        "Hello",
        "Good day"
      ],
      "responses": [
        "Hey :-)",
        "Hello, thanks for visiting",
        "Hi there, what can I do for you?",
        "Hi there, how can I help?"
      ]
    },
    {
      "tag": "goodbye",
      "patterns": ["Bye", "See you later", "Goodbye"],
      "responses": [
        "See you later, thanks for visiting",
        "Have a nice day",
        "Bye! Come back again soon."
      ]
    },
    {
      "tag": "thanks",
      "patterns": ["Thanks", "Thank you", "That's helpful", "Thank's a lot!"],
      "responses": ["Happy to help!", "Any time!", "My pleasure"]
    },
    {
      "tag": "Team",
      "patterns": [
        "Which team do you work for?",
        "which team do you support for ?",
        "What is your team's name?"
      ],
      "responses": [
        "I currenlty work for Corresponders",
        "I support Corresponders"
      ]
    },
    {
      "tag": "Products",
      "patterns": [
        "Which products does your team support for?",
        "what do you know?",
        "Can you share your product knowledge"
      ],
      "responses": [
        "Currently, we support Spending accounts and Outbound letters",
        "Our team focuses on Spending accounts and outbound letter types"
      ]
    },
    {
      "tag": "Spending Accounts",
      "patterns": [
        "Can you explain Spending accounts?",
        "What is spending accounts?",
        "Detail spending account for me.",
        "Can you detail it ?"
      ],
      "responses": [
        "Spending account is a product offered by HIGHMARK.",
        "Spending Account is a product offered by HM who currenlty supports 9 products"
      ]
    },
    {
      "tag": "Testing",
      "patterns": [
        "Can you help me in testing ",
        "test jobs?",
        "can you give the test jobs",
        "what are the test jobs for spending account outbound file processing?",
        "can you share me any docs?",
        "Is there any testing documentation?"
      ],
      "responses": [
        "Sure, I can help you in testing. Find this DS: TEST DS name",
        "The offered path contains the test job parameters. path: sample path",
        "The below path contains helpful information in SA testing. (Testing folder which contains test results)"
      ]
    },
    {
      "tag": "funny",
      "patterns": [
        "Tell me a joke!",
        "Tell me something funny!",
        "Do you know a joke?"
      ],
      "responses": [
        "Why did the hipster burn his mouth? He drank the coffee before it was cool.",
        "What did the buffalo say when his son left for college? Bison."
      ]
    }
  ]
}
